{"cameraMode":{"drawMode":0,"name":"Shaded","section":"Shading Mode"},"sceneLighting":false,"audioPlay":false,"sceneViewState":{"showFog":true,"showMaterialUpdate":true,"showSkybox":true,"showFlares":true,"showImageEffects":true,"showParticleSystems":true},"in2DMode":false,"pivot":{"x":-0.2987968921661377,"y":0.05883537232875824,"z":0.0043953415006399158},"rotation":{"x":0.0025149432476609947,"y":-0.9972848892211914,"z":0.061410143971443179,"w":0.04070759937167168},"size":0.15643444657325746,"orthographic":true}