{"cameraMode":{"drawMode":0,"name":"Shaded","section":"Shading Mode"},"sceneLighting":false,"audioPlay":false,"sceneViewState":{"showFog":true,"showMaterialUpdate":true,"showSkybox":false,"showFlares":true,"showImageEffects":true,"showParticleSystems":true},"in2DMode":false,"pivot":{"x":0.03535564988851547,"y":0.13306033611297608,"z":0.46058350801467898},"rotation":{"x":-0.007020908407866955,"y":0.9850519299507141,"z":-0.041396599262952808,"w":-0.1670634150505066},"size":0.0767950788140297,"orthographic":true}