{"cameraMode":{"drawMode":0,"name":"Shaded","section":"Shading Mode"},"sceneLighting":true,"audioPlay":false,"sceneViewState":{"showFog":true,"showMaterialUpdate":false,"showSkybox":true,"showFlares":true,"showImageEffects":true,"showParticleSystems":true},"in2DMode":false,"pivot":{"x":272.99212646484377,"y":930.7731323242188,"z":-93.32286071777344},"rotation":{"x":0.1284734606742859,"y":-0.21536365151405335,"z":0.02859426848590374,"w":0.9676229953765869},"size":3790.210693359375,"orthographic":true}