{"cameraMode":{"drawMode":0,"name":"Shaded","section":"Shading Mode"},"sceneLighting":false,"audioPlay":false,"sceneViewState":{"showFog":true,"showMaterialUpdate":false,"showSkybox":false,"showFlares":true,"showImageEffects":true,"showParticleSystems":true},"in2DMode":false,"pivot":{"x":3.5000152587890627,"y":618.961669921875,"z":-31.178955078125},"rotation":{"x":0.05088954046368599,"y":-0.948846697807312,"z":0.231593519449234,"w":0.20849275588989259},"size":4349.9697265625,"orthographic":true}