{"cameraMode":{"drawMode":0,"name":"Shaded","section":"Shading Mode"},"sceneLighting":false,"audioPlay":false,"sceneViewState":{"showFog":true,"showMaterialUpdate":false,"showSkybox":false,"showFlares":true,"showImageEffects":true,"showParticleSystems":true},"in2DMode":false,"pivot":{"x":0.053360480815172198,"y":0.14546337723731996,"z":0.4375},"rotation":{"x":0.021379690617322923,"y":0.9768931865692139,"z":0.17685677111148835,"w":-0.11809463798999787},"size":0.0695546492934227,"orthographic":true}