{"cameraMode":{"drawMode":0,"name":"Shaded","section":"Shading Mode"},"sceneLighting":false,"audioPlay":false,"sceneViewState":{"showFog":true,"showMaterialUpdate":false,"showSkybox":false,"showFlares":true,"showImageEffects":true,"showParticleSystems":true},"in2DMode":false,"pivot":{"x":-30.899999618530275,"y":267.239990234375,"z":-231.10000610351563},"rotation":{"x":-0.42113250494003298,"y":0.4238436222076416,"z":-0.23259292542934419,"w":-0.7674107551574707},"size":344.83074951171877,"orthographic":true}